[
  {
    "id": 5200050,
    "name": "Abadia de Goiás"
  },
  {
    "id": 5200100,
    "name": "Abadiânia"
  },
  {
    "id": 5200134,
    "name": "Acreúna"
  },
  {
    "id": 5200159,
    "name": "Adelândia"
  },
  {
    "id": 5200175,
    "name": "Água Fria de Goiás"
  },
  {
    "id": 5200209,
    "name": "Água Limpa"
  },
  {
    "id": 5200258,
    "name": "Águas Lindas de Goiás"
  },
  {
    "id": 5200308,
    "name": "Alexânia"
  },
  {
    "id": 5200506,
    "name": "Aloândia"
  },
  {
    "id": 5200555,
    "name": "Alto Horizonte"
  },
  {
    "id": 5200605,
    "name": "Alto Paraíso de Goiás"
  },
  {
    "id": 5200803,
    "name": "Alvorada do Norte"
  },
  {
    "id": 5200829,
    "name": "Amaralina"
  },
  {
    "id": 5200852,
    "name": "Americano do Brasil"
  },
  {
    "id": 5200902,
    "name": "Amorinópolis"
  },
  {
    "id": 5201108,
    "name": "Anápolis"
  },
  {
    "id": 5201207,
    "name": "Anhanguera"
  },
  {
    "id": 5201306,
    "name": "Anicuns"
  },
  {
    "id": 5201405,
    "name": "Aparecida de Goiânia"
  },
  {
    "id": 5201454,
    "name": "Aparecida do Rio Doce"
  },
  {
    "id": 5201504,
    "name": "Aporé"
  },
  {
    "id": 5201603,
    "name": "Araçu"
  },
  {
    "id": 5201702,
    "name": "Aragarças"
  },
  {
    "id": 5201801,
    "name": "Aragoiânia"
  },
  {
    "id": 5202155,
    "name": "Araguapaz"
  },
  {
    "id": 5202353,
    "name": "Arenópolis"
  },
  {
    "id": 5202502,
    "name": "Aruanã"
  },
  {
    "id": 5202601,
    "name": "Aurilândia"
  },
  {
    "id": 5202809,
    "name": "Avelinópolis"
  },
  {
    "id": 5203104,
    "name": "Baliza"
  },
  {
    "id": 5203203,
    "name": "Barro Alto"
  },
  {
    "id": 5203302,
    "name": "Bela Vista de Goiás"
  },
  {
    "id": 5203401,
    "name": "Bom Jardim de Goiás"
  },
  {
    "id": 5203500,
    "name": "Bom Jesus de Goiás"
  },
  {
    "id": 5203559,
    "name": "Bonfinópolis"
  },
  {
    "id": 5203575,
    "name": "Bonópolis"
  },
  {
    "id": 5203609,
    "name": "Brazabrantes"
  },
  {
    "id": 5203807,
    "name": "Britânia"
  },
  {
    "id": 5203906,
    "name": "Buriti Alegre"
  },
  {
    "id": 5203939,
    "name": "Buriti de Goiás"
  },
  {
    "id": 5203962,
    "name": "Buritinópolis"
  },
  {
    "id": 5204003,
    "name": "Cabeceiras"
  },
  {
    "id": 5204102,
    "name": "Cachoeira Alta"
  },
  {
    "id": 5204201,
    "name": "Cachoeira de Goiás"
  },
  {
    "id": 5204250,
    "name": "Cachoeira Dourada"
  },
  {
    "id": 5204300,
    "name": "Caçu"
  },
  {
    "id": 5204409,
    "name": "Caiapônia"
  },
  {
    "id": 5204508,
    "name": "Caldas Novas"
  },
  {
    "id": 5204557,
    "name": "Caldazinha"
  },
  {
    "id": 5204607,
    "name": "Campestre de Goiás"
  },
  {
    "id": 5204656,
    "name": "Campinaçu"
  },
  {
    "id": 5204706,
    "name": "Campinorte"
  },
  {
    "id": 5204805,
    "name": "Campo Alegre de Goiás"
  },
  {
    "id": 5204854,
    "name": "Campo Limpo de Goiás"
  },
  {
    "id": 5204904,
    "name": "Campos Belos"
  },
  {
    "id": 5204953,
    "name": "Campos Verdes"
  },
  {
    "id": 5205000,
    "name": "Carmo do Rio Verde"
  },
  {
    "id": 5205059,
    "name": "Castelândia"
  },
  {
    "id": 5205109,
    "name": "Catalão"
  },
  {
    "id": 5205208,
    "name": "Caturaí"
  },
  {
    "id": 5205307,
    "name": "Cavalcante"
  },
  {
    "id": 5205406,
    "name": "Ceres"
  },
  {
    "id": 5205455,
    "name": "Cezarina"
  },
  {
    "id": 5205471,
    "name": "Chapadão do Céu"
  },
  {
    "id": 5205497,
    "name": "Cidade Ocidental"
  },
  {
    "id": 5205513,
    "name": "Cocalzinho de Goiás"
  },
  {
    "id": 5205521,
    "name": "Colinas do Sul"
  },
  {
    "id": 5205703,
    "name": "Córrego do Ouro"
  },
  {
    "id": 5205802,
    "name": "Corumbá de Goiás"
  },
  {
    "id": 5205901,
    "name": "Corumbaíba"
  },
  {
    "id": 5206206,
    "name": "Cristalina"
  },
  {
    "id": 5206305,
    "name": "Cristianópolis"
  },
  {
    "id": 5206404,
    "name": "Crixás"
  },
  {
    "id": 5206503,
    "name": "Cromínia"
  },
  {
    "id": 5206602,
    "name": "Cumari"
  },
  {
    "id": 5206701,
    "name": "Damianópolis"
  },
  {
    "id": 5206800,
    "name": "Damolândia"
  },
  {
    "id": 5206909,
    "name": "Davinópolis"
  },
  {
    "id": 5207105,
    "name": "Diorama"
  },
  {
    "id": 5207253,
    "name": "Doverlândia"
  },
  {
    "id": 5207352,
    "name": "Edealina"
  },
  {
    "id": 5207402,
    "name": "Edéia"
  },
  {
    "id": 5207501,
    "name": "Estrela do Norte"
  },
  {
    "id": 5207535,
    "name": "Faina"
  },
  {
    "id": 5207600,
    "name": "Fazenda Nova"
  },
  {
    "id": 5207808,
    "name": "Firminópolis"
  },
  {
    "id": 5207907,
    "name": "Flores de Goiás"
  },
  {
    "id": 5208004,
    "name": "Formosa"
  },
  {
    "id": 5208103,
    "name": "Formoso"
  },
  {
    "id": 5208152,
    "name": "Gameleira de Goiás"
  },
  {
    "id": 5208301,
    "name": "Divinópolis de Goiás"
  },
  {
    "id": 5208400,
    "name": "Goianápolis"
  },
  {
    "id": 5208509,
    "name": "Goiandira"
  },
  {
    "id": 5208608,
    "name": "Goianésia"
  },
  {
    "id": 5208707,
    "name": "Goiânia"
  },
  {
    "id": 5208806,
    "name": "Goianira"
  },
  {
    "id": 5208905,
    "name": "Goiás"
  },
  {
    "id": 5209101,
    "name": "Goiatuba"
  },
  {
    "id": 5209150,
    "name": "Gouvelândia"
  },
  {
    "id": 5209200,
    "name": "Guapó"
  },
  {
    "id": 5209291,
    "name": "Guaraíta"
  },
  {
    "id": 5209408,
    "name": "Guarani de Goiás"
  },
  {
    "id": 5209457,
    "name": "Guarinos"
  },
  {
    "id": 5209606,
    "name": "Heitoraí"
  },
  {
    "id": 5209705,
    "name": "Hidrolândia"
  },
  {
    "id": 5209804,
    "name": "Hidrolina"
  },
  {
    "id": 5209903,
    "name": "Iaciara"
  },
  {
    "id": 5209937,
    "name": "Inaciolândia"
  },
  {
    "id": 5209952,
    "name": "Indiara"
  },
  {
    "id": 5210000,
    "name": "Inhumas"
  },
  {
    "id": 5210109,
    "name": "Ipameri"
  },
  {
    "id": 5210158,
    "name": "Ipiranga de Goiás"
  },
  {
    "id": 5210208,
    "name": "Iporá"
  },
  {
    "id": 5210307,
    "name": "Israelândia"
  },
  {
    "id": 5210406,
    "name": "Itaberaí"
  },
  {
    "id": 5210562,
    "name": "Itaguari"
  },
  {
    "id": 5210604,
    "name": "Itaguaru"
  },
  {
    "id": 5210802,
    "name": "Itajá"
  },
  {
    "id": 5210901,
    "name": "Itapaci"
  },
  {
    "id": 5211008,
    "name": "Itapirapuã"
  },
  {
    "id": 5211206,
    "name": "Itapuranga"
  },
  {
    "id": 5211305,
    "name": "Itarumã"
  },
  {
    "id": 5211404,
    "name": "Itauçu"
  },
  {
    "id": 5211503,
    "name": "Itumbiara"
  },
  {
    "id": 5211602,
    "name": "Ivolândia"
  },
  {
    "id": 5211701,
    "name": "Jandaia"
  },
  {
    "id": 5211800,
    "name": "Jaraguá"
  },
  {
    "id": 5211909,
    "name": "Jataí"
  },
  {
    "id": 5212006,
    "name": "Jaupaci"
  },
  {
    "id": 5212055,
    "name": "Jesúpolis"
  },
  {
    "id": 5212105,
    "name": "Joviânia"
  },
  {
    "id": 5212204,
    "name": "Jussara"
  },
  {
    "id": 5212253,
    "name": "Lagoa Santa"
  },
  {
    "id": 5212303,
    "name": "Leopoldo de Bulhões"
  },
  {
    "id": 5212501,
    "name": "Luziânia"
  },
  {
    "id": 5212600,
    "name": "Mairipotaba"
  },
  {
    "id": 5212709,
    "name": "Mambaí"
  },
  {
    "id": 5212808,
    "name": "Mara Rosa"
  },
  {
    "id": 5212907,
    "name": "Marzagão"
  },
  {
    "id": 5212956,
    "name": "Matrinchã"
  },
  {
    "id": 5213004,
    "name": "Maurilândia"
  },
  {
    "id": 5213053,
    "name": "Mimoso de Goiás"
  },
  {
    "id": 5213087,
    "name": "Minaçu"
  },
  {
    "id": 5213103,
    "name": "Mineiros"
  },
  {
    "id": 5213400,
    "name": "Moiporá"
  },
  {
    "id": 5213509,
    "name": "Monte Alegre de Goiás"
  },
  {
    "id": 5213707,
    "name": "Montes Claros de Goiás"
  },
  {
    "id": 5213756,
    "name": "Montividiu"
  },
  {
    "id": 5213772,
    "name": "Montividiu do Norte"
  },
  {
    "id": 5213806,
    "name": "Morrinhos"
  },
  {
    "id": 5213855,
    "name": "Morro Agudo de Goiás"
  },
  {
    "id": 5213905,
    "name": "Mossâmedes"
  },
  {
    "id": 5214002,
    "name": "Mozarlândia"
  },
  {
    "id": 5214051,
    "name": "Mundo Novo"
  },
  {
    "id": 5214101,
    "name": "Mutunópolis"
  },
  {
    "id": 5214408,
    "name": "Nazário"
  },
  {
    "id": 5214507,
    "name": "Nerópolis"
  },
  {
    "id": 5214606,
    "name": "Niquelândia"
  },
  {
    "id": 5214705,
    "name": "Nova América"
  },
  {
    "id": 5214804,
    "name": "Nova Aurora"
  },
  {
    "id": 5214838,
    "name": "Nova Crixás"
  },
  {
    "id": 5214861,
    "name": "Nova Glória"
  },
  {
    "id": 5214879,
    "name": "Nova Iguaçu de Goiás"
  },
  {
    "id": 5214903,
    "name": "Nova Roma"
  },
  {
    "id": 5215009,
    "name": "Nova Veneza"
  },
  {
    "id": 5215207,
    "name": "Novo Brasil"
  },
  {
    "id": 5215231,
    "name": "Novo Gama"
  },
  {
    "id": 5215256,
    "name": "Novo Planalto"
  },
  {
    "id": 5215306,
    "name": "Orizona"
  },
  {
    "id": 5215405,
    "name": "Ouro Verde de Goiás"
  },
  {
    "id": 5215504,
    "name": "Ouvidor"
  },
  {
    "id": 5215603,
    "name": "Padre Bernardo"
  },
  {
    "id": 5215652,
    "name": "Palestina de Goiás"
  },
  {
    "id": 5215702,
    "name": "Palmeiras de Goiás"
  },
  {
    "id": 5215801,
    "name": "Palmelo"
  },
  {
    "id": 5215900,
    "name": "Palminópolis"
  },
  {
    "id": 5216007,
    "name": "Panamá"
  },
  {
    "id": 5216304,
    "name": "Paranaiguara"
  },
  {
    "id": 5216403,
    "name": "Paraúna"
  },
  {
    "id": 5216452,
    "name": "Perolândia"
  },
  {
    "id": 5216809,
    "name": "Petrolina de Goiás"
  },
  {
    "id": 5216908,
    "name": "Pilar de Goiás"
  },
  {
    "id": 5217104,
    "name": "Piracanjuba"
  },
  {
    "id": 5217203,
    "name": "Piranhas"
  },
  {
    "id": 5217302,
    "name": "Pirenópolis"
  },
  {
    "id": 5217401,
    "name": "Pires do Rio"
  },
  {
    "id": 5217609,
    "name": "Planaltina"
  },
  {
    "id": 5217708,
    "name": "Pontalina"
  },
  {
    "id": 5218003,
    "name": "Porangatu"
  },
  {
    "id": 5218052,
    "name": "Porteirão"
  },
  {
    "id": 5218102,
    "name": "Portelândia"
  },
  {
    "id": 5218300,
    "name": "Posse"
  },
  {
    "id": 5218391,
    "name": "Professor Jamil"
  },
  {
    "id": 5218508,
    "name": "Quirinópolis"
  },
  {
    "id": 5218607,
    "name": "Rialma"
  },
  {
    "id": 5218706,
    "name": "Rianápolis"
  },
  {
    "id": 5218789,
    "name": "Rio Quente"
  },
  {
    "id": 5218805,
    "name": "Rio Verde"
  },
  {
    "id": 5218904,
    "name": "Rubiataba"
  },
  {
    "id": 5219001,
    "name": "Sanclerlândia"
  },
  {
    "id": 5219100,
    "name": "Santa Bárbara de Goiás"
  },
  {
    "id": 5219209,
    "name": "Santa Cruz de Goiás"
  },
  {
    "id": 5219258,
    "name": "Santa Fé de Goiás"
  },
  {
    "id": 5219308,
    "name": "Santa Helena de Goiás"
  },
  {
    "id": 5219357,
    "name": "Santa Isabel"
  },
  {
    "id": 5219407,
    "name": "Santa Rita do Araguaia"
  },
  {
    "id": 5219456,
    "name": "Santa Rita do Novo Destino"
  },
  {
    "id": 5219506,
    "name": "Santa Rosa de Goiás"
  },
  {
    "id": 5219605,
    "name": "Santa Tereza de Goiás"
  },
  {
    "id": 5219704,
    "name": "Santa Terezinha de Goiás"
  },
  {
    "id": 5219712,
    "name": "Santo Antônio da Barra"
  },
  {
    "id": 5219738,
    "name": "Santo Antônio de Goiás"
  },
  {
    "id": 5219753,
    "name": "Santo Antônio do Descoberto"
  },
  {
    "id": 5219803,
    "name": "São Domingos"
  },
  {
    "id": 5219902,
    "name": "São Francisco de Goiás"
  },
  {
    "id": 5220009,
    "name": "São João d'Aliança"
  },
  {
    "id": 5220058,
    "name": "São João da Paraúna"
  },
  {
    "id": 5220108,
    "name": "São Luís de Montes Belos"
  },
  {
    "id": 5220157,
    "name": "São Luiz do Norte"
  },
  {
    "id": 5220207,
    "name": "São Miguel do Araguaia"
  },
  {
    "id": 5220264,
    "name": "São Miguel do Passa Quatro"
  },
  {
    "id": 5220280,
    "name": "São Patrício"
  },
  {
    "id": 5220405,
    "name": "São Simão"
  },
  {
    "id": 5220454,
    "name": "Senador Canedo"
  },
  {
    "id": 5220504,
    "name": "Serranópolis"
  },
  {
    "id": 5220603,
    "name": "Silvânia"
  },
  {
    "id": 5220686,
    "name": "Simolândia"
  },
  {
    "id": 5220702,
    "name": "Sítio d'Abadia"
  },
  {
    "id": 5221007,
    "name": "Taquaral de Goiás"
  },
  {
    "id": 5221080,
    "name": "Teresina de Goiás"
  },
  {
    "id": 5221197,
    "name": "Terezópolis de Goiás"
  },
  {
    "id": 5221304,
    "name": "Três Ranchos"
  },
  {
    "id": 5221403,
    "name": "Trindade"
  },
  {
    "id": 5221452,
    "name": "Trombas"
  },
  {
    "id": 5221502,
    "name": "Turvânia"
  },
  {
    "id": 5221551,
    "name": "Turvelândia"
  },
  {
    "id": 5221577,
    "name": "Uirapuru"
  },
  {
    "id": 5221601,
    "name": "Uruaçu"
  },
  {
    "id": 5221700,
    "name": "Uruana"
  },
  {
    "id": 5221809,
    "name": "Urutaí"
  },
  {
    "id": 5221858,
    "name": "Valparaíso de Goiás"
  },
  {
    "id": 5221908,
    "name": "Varjão"
  },
  {
    "id": 5222005,
    "name": "Vianópolis"
  },
  {
    "id": 5222054,
    "name": "Vicentinópolis"
  },
  {
    "id": 5222203,
    "name": "Vila Boa"
  },
  {
    "id": 5222302,
    "name": "Vila Propício"
  }
]